<?xml version="1.0" encoding="UTF-8" standalone="no"?>
<!--WARNING: DO NOT EDIT THIS FILE. THIS FILE IS MANAGED BY SPRING ROO.--><database name="deprecated" package="com.myessay.model">
    <option key="moduleName" value=""/>
    <option key="activeRecord" value="true"/>
    <option key="repository" value="true"/>
    <option key="service" value="false"/>
    <option key="includeNonPortableAttributes" value="false"/>
    <option key="disableVersionFields" value="false"/>
    <option key="disableGeneratedIdentifiers" value="false"/>
    <option key="testAutomatically" value="true"/>
    <table name="job">
        <column name="ID" primaryKey="true" required="true" scale="0" size="10" type="4,INT"/>
        <column name="AllowAllSubject" primaryKey="false" required="false" scale="0" size="0" type="-7,BIT"/>
        <column name="AmountDue" primaryKey="false" required="false" scale="2" size="8" type="3,DECIMAL"/>
        <column name="ChargeWriter" primaryKey="false" required="false" scale="2" size="8" type="3,DECIMAL"/>
        <column name="Commission" primaryKey="false" required="false" scale="2" size="8" type="3,DECIMAL"/>
        <column name="Coupon" primaryKey="false" required="false" scale="0" size="35" type="12,VARCHAR"/>
        <column name="CourseLevel" primaryKey="false" required="false" scale="0" size="10" type="12,VARCHAR"/>
        <column name="CreateDate" primaryKey="false" required="false" scale="0" size="19" type="93,DATETIME"/>
        <column name="DeadLine" primaryKey="false" required="false" scale="0" size="19" type="93,DATETIME"/>
        <column name="FeedBack" primaryKey="false" required="false" scale="0" size="2" type="12,VARCHAR"/>
        <column name="FeedBackDescription" primaryKey="false" required="false" scale="0" size="255" type="12,VARCHAR"/>
        <column name="Format" primaryKey="false" required="false" scale="0" size="30" type="12,VARCHAR"/>
        <column name="FullPrice" primaryKey="false" required="false" scale="2" size="8" type="3,DECIMAL"/>
        <column name="IncludeFigure" primaryKey="false" required="false" scale="0" size="30" type="12,VARCHAR"/>
        <column name="Note" primaryKey="false" required="false" scale="0" size="255" type="12,VARCHAR"/>
        <column name="OrderID" primaryKey="false" required="true" scale="0" size="10" type="4,INT"/>
        <column name="Reduced" primaryKey="false" required="false" scale="2" size="8" type="3,DECIMAL"/>
        <column name="Referencing" primaryKey="false" required="false" scale="0" size="30" type="12,VARCHAR"/>
        <column name="SourcesCount" primaryKey="false" required="false" scale="0" size="5" type="5,SMALLINT"/>
        <column name="StartDate" primaryKey="false" required="false" scale="0" size="19" type="93,DATETIME"/>
        <column name="Status" primaryKey="false" required="false" scale="0" size="88" type="12,VARCHAR"/>
        <column name="SubjectID" primaryKey="false" required="false" scale="0" size="10" type="4,INT"/>
        <column name="WordCount" primaryKey="false" required="false" scale="0" size="10" type="4,INT"/>
        <column name="CustomerID" primaryKey="false" required="false" scale="0" size="10" type="4,INT"/>
        <column name="WriterID" primaryKey="false" required="false" scale="0" size="10" type="4,INT"/>
        <column description="It is the same as order, cannot change" name="FileId" primaryKey="false" required="false" scale="0" size="10" type="4,INT"/>
        <foreign-key foreignTable="userinfo" name="FK_e339k6bhy9ei8i75ls7v1wfjs" onDelete="none" onUpdate="none">
            <option key="exported" value="false"/>
            <reference foreign="ID" local="WriterID"/>
        </foreign-key>
        <foreign-key foreignTable="userinfo" name="FK_r8glxyt4gtn0ni58oqif44of8" onDelete="none" onUpdate="none">
            <option key="exported" value="false"/>
            <reference foreign="ID" local="CustomerID"/>
        </foreign-key>
        <unique name="PRIMARY">
            <unique-column name="ID"/>
        </unique>
        <index name="FK_r8glxyt4gtn0ni58oqif44of8">
            <index-column name="CustomerID"/>
        </index>
        <index name="FK_e339k6bhy9ei8i75ls7v1wfjs">
            <index-column name="WriterID"/>
        </index>
    </table>
    <table name="message">
        <column name="ID" primaryKey="true" required="true" scale="0" size="10" type="4,INT"/>
        <column name="TaskId" primaryKey="true" required="true" scale="0" size="10" type="4,INT"/>
        <column name="Text" primaryKey="false" required="false" scale="0" size="65535" type="-1,TEXT"/>
        <column name="CreateDate" primaryKey="false" required="false" scale="0" size="19" type="93,DATETIME"/>
        <column name="HasRead" primaryKey="false" required="false" scale="0" size="0" type="-7,BIT"/>
        <column name="HasAdudit" primaryKey="false" required="false" scale="0" size="0" type="-7,BIT"/>
        <column name="SendToUser" primaryKey="false" required="false" scale="0" size="10" type="4,INT"/>
        <column name="AuditText" primaryKey="false" required="false" scale="0" size="65535" type="-1,TEXT"/>
        <column name="FileID" primaryKey="false" required="false" scale="0" size="10" type="4,INT"/>
        <unique name="PRIMARY">
            <unique-column name="ID"/>
            <unique-column name="TaskId"/>
        </unique>
        <index name="FK_2uq8b13bjhyp8tavevmyr5t61">
            <index-column name="TaskId"/>
        </index>
    </table>
    <table name="order">
        <column name="ID" primaryKey="true" required="true" scale="0" size="10" type="4,INT"/>
        <column name="Coupon" primaryKey="false" required="false" scale="0" size="35" type="12,VARCHAR"/>
        <column name="CourseLevel" primaryKey="false" required="false" scale="0" size="35" type="12,VARCHAR"/>
        <column name="CreateDate" primaryKey="false" required="false" scale="0" size="19" type="93,DATETIME"/>
        <column name="CustomerId" primaryKey="false" required="false" scale="0" size="10" type="4,INT"/>
        <column name="DeadLine" primaryKey="false" required="true" scale="0" size="19" type="93,DATETIME"/>
        <column name="Format" primaryKey="false" required="false" scale="0" size="30" type="12,VARCHAR"/>
        <column name="IncludeFigure" primaryKey="false" required="false" scale="0" size="30" type="12,VARCHAR"/>
        <column name="Note" primaryKey="false" required="false" scale="0" size="255" type="12,VARCHAR"/>
        <column name="OrderStatus" primaryKey="false" required="false" scale="0" size="45" type="12,VARCHAR"/>
        <column name="Referencing" primaryKey="false" required="false" scale="0" size="30" type="12,VARCHAR"/>
        <column name="SourcesCount" primaryKey="false" required="false" scale="0" size="5" type="5,SMALLINT"/>
        <column name="StartDate" primaryKey="false" required="true" scale="0" size="19" type="93,DATETIME"/>
        <column name="WordCount" primaryKey="false" required="true" scale="0" size="10" type="4,INT"/>
        <column name="SubjectID" primaryKey="false" required="true" scale="0" size="10" type="4,INT"/>
        <column name="TaskId" primaryKey="false" required="false" scale="0" size="10" type="4,INT"/>
        <column name="FileId" primaryKey="false" required="false" scale="0" size="10" type="4,INT"/>
        <unique name="PRIMARY">
            <unique-column name="ID"/>
        </unique>
        <index name="FK_83j1qdmhbig5fxvdn1q7ci9b0">
            <index-column name="SubjectID"/>
        </index>
        <index name="FK_y37bdmtjbw36myp1pavn0dq4">
            <index-column name="TaskId"/>
        </index>
    </table>
    <table name="role">
        <column name="ID" primaryKey="true" required="true" scale="0" size="10" type="4,INT"/>
        <column name="Description" primaryKey="false" required="false" scale="0" size="70" type="12,VARCHAR"/>
        <column name="IsActivated" primaryKey="false" required="false" scale="0" size="0" type="-7,BIT"/>
        <column name="Name" primaryKey="false" required="true" scale="0" size="20" type="12,VARCHAR"/>
        <unique name="PRIMARY">
            <unique-column name="ID"/>
        </unique>
    </table>
    <table name="subject">
        <column name="ID" primaryKey="true" required="true" scale="0" size="10" type="4,INT"/>
        <column name="Description" primaryKey="false" required="false" scale="0" size="70" type="12,VARCHAR"/>
        <column name="Name" primaryKey="false" required="true" scale="0" size="20" type="12,VARCHAR"/>
        <unique name="PRIMARY">
            <unique-column name="ID"/>
        </unique>
    </table>
    <table name="uploadfile">
        <column name="ID" primaryKey="true" required="true" scale="0" size="10" type="4,INT"/>
        <column name="FileContentType" primaryKey="false" required="false" scale="0" size="100" type="12,VARCHAR"/>
        <column name="FileName" primaryKey="false" required="false" scale="0" size="200" type="12,VARCHAR"/>
        <column name="FileSize" primaryKey="false" required="false" scale="0" size="19" type="-5,BIGINT"/>
        <column name="File" primaryKey="false" required="false" scale="0" size="16777215" type="-4,MEDIUMBLOB"/>
        <unique name="PRIMARY">
            <unique-column name="ID"/>
        </unique>
    </table>
    <table name="userinfo">
        <column name="ID" primaryKey="true" required="true" scale="0" size="10" type="4,INT"/>
        <column name="City" primaryKey="false" required="false" scale="0" size="35" type="12,VARCHAR"/>
        <column name="ContactID" primaryKey="false" required="false" scale="0" size="35" type="12,VARCHAR"/>
        <column name="ContactType" primaryKey="false" required="false" scale="0" size="20" type="12,VARCHAR"/>
        <column name="Country" primaryKey="false" required="false" scale="0" size="50" type="12,VARCHAR"/>
        <column name="CreateBy" primaryKey="false" required="false" scale="0" size="10" type="4,INT"/>
        <column name="CreateDate" primaryKey="false" required="false" scale="0" size="19" type="93,DATETIME"/>
        <column name="Email" primaryKey="false" required="true" scale="0" size="65" type="12,VARCHAR"/>
        <column name="EmailCode" primaryKey="false" required="false" scale="0" size="50" type="12,VARCHAR"/>
        <column name="GroupName" primaryKey="false" required="false" scale="0" size="255" type="12,VARCHAR"/>
        <column name="HasVerified" primaryKey="false" required="false" scale="0" size="0" type="-7,BIT"/>
        <column name="LoginPassword" primaryKey="false" required="true" scale="0" size="50" type="12,VARCHAR"/>
        <column name="PasswordNonExpired" primaryKey="false" required="false" scale="0" size="0" type="-7,BIT"/>
        <column name="LastName" primaryKey="false" required="true" scale="0" size="70" type="12,VARCHAR"/>
        <column name="FirstName" primaryKey="false" required="true" scale="0" size="70" type="12,VARCHAR"/>
        <column name="Special" primaryKey="false" required="false" scale="0" size="255" type="12,VARCHAR"/>
        <foreign-key foreignTable="job" name="FK_e339k6bhy9ei8i75ls7v1wfjs" onDelete="none" onUpdate="none">
            <option key="exported" value="true"/>
            <reference foreign="WriterID" local="ID"/>
        </foreign-key>
        <foreign-key foreignTable="job" name="FK_r8glxyt4gtn0ni58oqif44of8" onDelete="none" onUpdate="none">
            <option key="exported" value="true"/>
            <reference foreign="CustomerID" local="ID"/>
        </foreign-key>
        <unique name="PRIMARY">
            <unique-column name="ID"/>
        </unique>
    </table>
</database>
